season,posteam,qb_id,qb_name,plays,games,raw_pass_rate,expected_pass_rate,proe
2006,ARI,00-0024225,M.Leinart,610,10,0.6032786885245902,0.6152949108513164,-1.201622232672621
2006,ATL,00-0020245,M.Vick,898,15,0.5066815144766147,0.6165399967188758,-10.985848224226112
2006,BAL,00-0011024,S.McNair,897,15,0.5674470457079153,0.5802780673647073,-1.2831021656792034
2006,BUF,00-0022912,J.Losman,879,16,0.5494880546075085,0.5852430035276455,-3.5754948920136966
2006,CAR,00-0004161,J.Delhomme,763,13,0.5858453473132372,0.5909809366132219,-0.5135589299984715
2006,CHI,00-0022121,R.Grossman,1097,18,0.5278030993618961,0.5721816427414811,-4.437854337958498
2006,CIN,00-0021429,C.Palmer,963,16,0.5784008307372793,0.5871918964144597,-0.8791065677180344
2006,CLE,00-0023502,C.Frye,699,12,0.6151645207439199,0.6235420722647628,-0.8377551520842851
2006,DAL,00-0021678,T.Romo,679,12,0.5861561119293078,0.596742706801276,-1.0586594871968162
2006,DEN,00-0013042,J.Plummer,636,11,0.529874213836478,0.5763421868202541,-4.646797298377602
2006,DET,00-0009311,J.Kitna,940,16,0.701063829787234,0.6255489491599988,7.55148806272352
2006,GB,00-0005106,B.Favre,1027,16,0.6085686465433301,0.5882934949795163,2.0275151563813765
2006,HOU,00-0020608,D.Carr,827,15,0.5707376058041113,0.591485967629892,-2.0748361825780828
2006,IND,00-0010346,P.Manning,1275,20,0.5670588235294117,0.5717634287797937,-0.4704605250381956
2006,JAX,00-0021231,D.Garrard,530,9,0.49433962264150944,0.5851990643976572,-9.085944175614783
2006,KC,00-0007835,D.Huard,497,9,0.5090543259557344,0.6173992149899123,-10.834488903417794
2006,LA,00-0019599,M.Bulger,1026,16,0.6042884990253411,0.5939466758044781,1.034182322086298
2006,LAC,00-0022942,P.Rivers,1035,17,0.5024154589371981,0.5514601969488577,-4.904473801165963
2006,LV,00-0023504,A.Walter,493,9,0.5882352941176471,0.629783913546051,-4.154861942840396
2006,MIA,00-0021141,J.Harrington,629,10,0.604133545310016,0.6062836878368889,-0.21501425268729654
2006,MIN,00-0008442,B.Johnson,793,13,0.5649432534678437,0.6106387051421336,-4.569545167428999
2006,NE,00-0019596,T.Brady,1171,19,0.5738684884713919,0.5693826991651146,0.44857893062772963
2006,NO,00-0020531,D.Brees,1105,17,0.5900452488687783,0.5833602870835572,0.6684961785220992
2006,NYG,00-0022803,E.Manning,1021,17,0.5563173359451518,0.5903553589996057,-3.4038023054453816
2006,NYJ,00-0019559,C.Pennington,1029,17,0.5461613216715258,0.5751427485796725,-2.8981426908146766
2006,PHI,00-0011022,D.McNabb,535,9,0.6299065420560748,0.5754288811114765,5.44776609445983
2006,PIT,00-0022924,B.Roethlisberger,900,15,0.5744444444444444,0.6167556832192672,-4.231123877482282
2006,SEA,00-0007091,M.Hasselbeck,854,13,0.5304449648711944,0.5878217992889727,-5.737683441777838
2006,SF,00-0023436,A.Smith,885,16,0.5446327683615819,0.5935810822614673,-4.894831389988546
2006,TB,00-0024408,B.Gradkowski,582,10,0.6065292096219931,0.6338381742949748,-2.730896467298167
2006,TEN,00-0024218,V.Young,768,14,0.5377604166666666,0.6337621695371732,-9.60017528705066
2006,WAS,00-0002110,M.Brunell,514,9,0.5233463035019456,0.6172831827042632,-9.393687920231763
2007,ARI,00-0017200,K.Warner,686,12,0.6297376093294461,0.6198879395592578,0.9849669770188304
2007,ATL,00-0021141,J.Harrington,571,10,0.6024518388791593,0.6220167066621384,-1.9564867782979003
2007,BAL,00-0022164,K.Boller,483,8,0.556935817805383,0.6188061137068592,-6.187029590147622
2007,BUF,00-0025479,T.Edwards,549,10,0.5191256830601093,0.5837672119298594,-6.464152886975007
2007,CAR,00-0020608,D.Carr,234,5,0.6495726495726496,0.7173928256727692,-6.782017610011956
2007,CHI,00-0022121,R.Grossman,400,7,0.605,0.6291214459110052,-2.412144591100514
2007,CIN,00-0021429,C.Palmer,973,16,0.5981500513874615,0.59375928662993,0.43907647575313974
2007,CLE,00-0023645,D.Anderson,934,16,0.5728051391862955,0.5864329846571867,-1.3627845470891264
2007,DAL,00-0021678,T.Romo,992,17,0.592741935483871,0.5670161542478919,2.572578123597909
2007,DEN,00-0024226,J.Cutler,869,15,0.5604142692750288,0.5978727050348516,-3.745843575982285
2007,DET,00-0009311,J.Kitna,901,16,0.6770255271920089,0.6133720624972793,6.365346469472966
2007,GB,00-0005106,B.Favre,928,16,0.6217672413793104,0.5709675729680196,5.079966841129072
2007,HOU,00-0022787,M.Schaub,458,8,0.5895196506550219,0.6025376206947141,-1.3017970039692248
2007,IND,00-0010346,P.Manning,970,16,0.5793814432989691,0.551212444815055,2.8168998483914076
2007,JAX,00-0021231,D.Garrard,756,13,0.5357142857142857,0.5491330665930435,-1.3418780878757832
2007,KC,00-0007835,D.Huard,572,10,0.6083916083916084,0.6150951224796057,-0.6703514087997324
2007,LA,00-0019599,M.Bulger,652,11,0.6180981595092024,0.6247016482935087,-0.6603488784306254
2007,LAC,00-0022942,P.Rivers,1063,19,0.5362182502351834,0.5877931947282823,-5.157494449309886
2007,LV,00-0021206,J.McCown,414,8,0.48792270531400966,0.6050466677164974,-11.712396240248772
2007,MIA,00-0020565,C.Lemon,545,9,0.618348623853211,0.6337866695375618,-1.543804568435074
2007,MIN,00-0024279,T.Jackson,655,12,0.5053435114503817,0.5865952415150085,-8.125173006462687
2007,NE,00-0019596,T.Brady,1195,19,0.6041841004184101,0.5230850516876915,8.109904873071853
2007,NO,00-0020531,D.Brees,1029,16,0.6433430515063168,0.5988215042442895,4.452154726202738
2007,NYG,00-0022803,E.Manning,1232,20,0.5560064935064936,0.5797293567531077,-2.3722863246614185
2007,NYJ,00-0019559,C.Pennington,493,9,0.5821501014198783,0.6205971511137534,-3.844704969387509
2007,PHI,00-0011022,D.McNabb,812,13,0.6391625615763546,0.5831948704788177,5.5967691097537
2007,PIT,00-0022924,B.Roethlisberger,972,16,0.5277777777777778,0.5868903043154826,-5.911252653770486
2007,SEA,00-0007091,M.Hasselbeck,1074,18,0.6210428305400373,0.5695588767183407,5.148395382169655
2007,SF,00-0023436,A.Smith,333,6,0.6396396396396397,0.6632694048029525,-2.36297651633128
2007,TB,00-0005755,J.Garcia,676,12,0.5414201183431953,0.5835170958317905,-4.209697748859518
2007,TEN,00-0024218,V.Young,870,15,0.5333333333333333,0.5798306874352797,-4.64973541019463
2007,WAS,00-0023460,J.Campbell,776,12,0.5579896907216495,0.5981549362930441,-4.016524557139456
2008,ARI,00-0017200,K.Warner,1158,20,0.6459412780656304,0.5825247439863047,6.341653407932563
2008,ATL,00-0026143,M.Ryan,1037,17,0.4831243972999036,0.5724334476269574,-8.930905032705375
2008,BAL,00-0026158,J.Flacco,1170,19,0.46923076923076923,0.5743011142373976,-10.507034500662842
2008,BUF,00-0025479,T.Edwards,736,13,0.5489130434782609,0.6026656078073479,-5.375256432908708
2008,CAR,00-0004161,J.Delhomme,961,17,0.4838709677419355,0.5805290888018061,-9.665812105987062
2008,CHI,00-0023541,K.Orton,834,14,0.5731414868105515,0.5688073661075614,0.43341207029900963
2008,CIN,00-0023682,R.Fitzpatrick,703,12,0.6244665718349929,0.6070725927354601,1.7393979099532788
2008,CLE,00-0023645,D.Anderson,509,9,0.5677799607072691,0.5965874441817022,-2.880748347443307
2008,DAL,00-0021678,T.Romo,772,13,0.6113989637305699,0.5825976517939352,2.880131193663481
2008,DEN,00-0024226,J.Cutler,975,16,0.6523076923076923,0.5941913983435967,5.81162939640956
2008,DET,00-0023578,D.Orlovsky,412,8,0.6262135922330098,0.6337187242269227,-0.7505131993912956
2008,GB,00-0023459,A.Rodgers,979,16,0.5914198161389173,0.5837719812760923,0.7647834862824967
2008,HOU,00-0022787,M.Schaub,641,10,0.5990639625585024,0.5998381948426901,-0.07742322841877126
2008,IND,00-0010346,P.Manning,950,16,0.631578947368421,0.5957120267968429,3.586692057157818
2008,JAX,00-0021231,D.Garrard,971,16,0.6168898043254377,0.6278668772525141,-1.0977072927076466
2008,KC,00-0025604,T.Thigpen,676,12,0.6523668639053254,0.5993632197644584,5.300364414086709
2008,LA,00-0019599,M.Bulger,820,14,0.5829268292682926,0.6276178984630217,-4.4691069194729005
2008,LAC,00-0022942,P.Rivers,1029,18,0.565597667638484,0.5915895578667768,-2.59918902282928
2008,LV,00-0025388,J.Russell,776,14,0.5,0.5923806378022605,-9.238063780226044
2008,MIA,00-0019559,C.Pennington,973,17,0.5611510791366906,0.5634128245173782,-0.22617453806875665
2008,MIN,00-0005589,G.Frerotte,642,11,0.5155763239875389,0.6103422356148561,-9.476591162731715
2008,NE,00-0023662,M.Cassel,1016,16,0.577755905511811,0.5621776888476993,1.5578216664111755
2008,NO,00-0020531,D.Brees,1011,16,0.6300692383778437,0.5784899462788236,5.157929209902013
2008,NYG,00-0022803,E.Manning,1019,17,0.5220804710500491,0.5650376247203707,-4.295715367032162
2008,NYJ,00-0005106,B.Favre,950,16,0.5778947368421052,0.5624319881240004,1.5462748718104864
2008,PHI,00-0011022,D.McNabb,1120,18,0.63125,0.577650044690485,5.359995530951502
2008,PIT,00-0022924,B.Roethlisberger,1081,19,0.5679925994449584,0.5836367775667993,-1.5644178121840921
2008,SEA,00-0022055,S.Wallace,445,8,0.5707865168539326,0.6008400014905112,-3.005348463657867
2008,SF,00-0020679,S.Hill,513,9,0.6101364522417154,0.6013372016936308,0.8799250548084577
2008,TB,00-0005755,J.Garcia,677,11,0.5893648449039882,0.603422839081732,-1.4057994177743816
2008,TEN,00-0003292,K.Collins,917,15,0.5038167938931297,0.5562342000595063,-5.241740616637657
2008,WAS,00-0023460,J.Campbell,997,16,0.5667001003009027,0.6111486973885518,-4.444859708764907
2009,ARI,00-0017200,K.Warner,890,16,0.6550561797752809,0.582760420060727,7.229575971455387
2009,ATL,00-0026143,M.Ryan,815,13,0.5668711656441717,0.5862290890076043,-1.9357923363432563
2009,BAL,00-0026158,J.Flacco,1078,18,0.5426716141001855,0.586592851128906,-4.392123702872054
2009,BUF,00-0023682,R.Fitzpatrick,478,9,0.5251046025104602,0.5875803919968869,-6.247578948642669
2009,CAR,00-0004161,J.Delhomme,666,11,0.512012012012012,0.6216482458798377,-10.963623386782569
2009,CHI,00-0024226,J.Cutler,934,16,0.6370449678800857,0.6058974446832528,3.1147523196832907
2009,CIN,00-0021429,C.Palmer,1017,17,0.5250737463126843,0.5867160070749804,-6.164226076229601
2009,CLE,00-0025409,B.Quinn,479,8,0.5490605427974948,0.6234432388532573,-7.438269605576245
2009,DAL,00-0021678,T.Romo,1123,18,0.5921638468388246,0.5917095629662568,0.045428387256785364
2009,DEN,00-0023541,K.Orton,975,16,0.5815384615384616,0.5787579922263439,0.278046931211765
2009,DET,00-0026498,M.Stafford,627,10,0.6347687400318979,0.6443023051014928,-0.9533565069594832
2009,GB,00-0023459,A.Rodgers,1030,17,0.6223300970873786,0.5864247556160954,3.5905341471283183
2009,HOU,00-0022787,M.Schaub,988,16,0.6214574898785425,0.5791595763685219,4.229791351002056
2009,IND,00-0010346,P.Manning,1076,18,0.6366171003717472,0.5747208078547648,6.189629251698246
2009,JAX,00-0021231,D.Garrard,977,16,0.5997952917093142,0.6074109328157643,-0.7615641106450082
2009,KC,00-0023662,M.Cassel,931,15,0.5918367346938775,0.6298673587734186,-3.8030624079541027
2009,LA,00-0019599,M.Bulger,408,7,0.6127450980392157,0.6478074051202366,-3.506230708102093
2009,LAC,00-0022942,P.Rivers,937,16,0.5720384204909285,0.5737679206677727,-0.17295001768442458
2009,LV,00-0025388,J.Russell,422,8,0.5308056872037915,0.619834940200804,-8.90292529970125
2009,MIA,00-0026197,C.Henne,859,14,0.5471478463329453,0.6044933133681627,-5.7345467035217395
2009,MIN,00-0005106,B.Favre,1108,18,0.5676895306859205,0.5891184919406173,-2.142896125469666
2009,NE,00-0019596,T.Brady,1068,17,0.5880149812734082,0.5511170495580533,3.6897931715354937
2009,NO,00-0020531,D.Brees,1111,18,0.5715571557155715,0.5587937309734463,1.2763424742125262
2009,NYG,00-0022803,E.Manning,895,15,0.5921787709497207,0.6145296994534285,-2.23509285037078
2009,NYJ,00-0026898,M.Sanchez,1072,18,0.43097014925373134,0.5762373548610928,-14.526720560736148
2009,PHI,00-0011022,D.McNabb,814,15,0.6412776412776413,0.5856778197452719,5.559982153236939
2009,PIT,00-0022924,B.Roethlisberger,911,15,0.610318331503842,0.5594338446070413,5.088448689680068
2009,SEA,00-0007091,M.Hasselbeck,802,13,0.6321695760598504,0.6025771115072759,2.959246455257447
2009,SF,00-0023436,A.Smith,604,11,0.6490066225165563,0.6011758279887996,4.783079452775666
2009,TB,00-0026993,J.Freeman,530,9,0.5962264150943396,0.6172225189166811,-2.0996103822341503
2009,TEN,00-0024218,V.Young,550,9,0.5036363636363637,0.6154507118395783,-11.181434820321472
2009,WAS,00-0023460,J.Campbell,902,16,0.6252771618625277,0.6122014222753351,1.3075739587192525
2010,ARI,00-0023645,D.Anderson,450,9,0.7022222222222222,0.6711787654873398,3.104345673488246
2010,ATL,00-0026143,M.Ryan,1026,16,0.5789473684210527,0.5917514648150515,-1.2804096393998836
2010,ATL,00-0026143,Ryan,69,1,0.6521739130434783,0.6012104769115862,5.0963436131892
2010,BAL,00-0026158,J.Flacco,1113,18,0.550763701707098,0.5570146620209996,-0.625096031390164
2010,BUF,00-0023682,R.Fitzpatrick,787,13,0.6162642947903431,0.6202547400692783,-0.39904452789352385
2010,CAR,00-0027659,J.Clausen,584,11,0.5496575342465754,0.6552142469493085,-10.55567127027332
2010,CHI,00-0024226,J.Cutler,893,16,0.6002239641657335,0.5711183637622557,2.910560040347787
2010,CIN,00-0021429,C.Palmer,1013,16,0.6011846001974334,0.6053339412798121,-0.4149341082378766
2010,CLE,00-0027688,C.McCoy,433,8,0.5935334872979214,0.6188141314213876,-2.528064412346613
2010,DAL,00-0009311,J.Kitna,574,10,0.60801393728223,0.6315430687701504,-2.3529131487920516
2010,DEN,00-0023541,K.Orton,820,13,0.6524390243902439,0.6293991532790043,2.30398711112396
2010,DET,00-0020679,Sh.Hill,598,9,0.677257525083612,0.6558723196567949,2.1385205426817158
2010,GB,00-0023459,A.Rodgers,1065,18,0.6272300469483568,0.5354706577047216,9.175938924363521
2010,HOU,00-0022787,M.Schaub,1011,16,0.5984174085064293,0.62550199101656,-2.7084582510130697
2010,IND,00-0010346,P.Manning,1115,17,0.6421524663677131,0.6035914519225402,3.856101444517283
2010,JAX,00-0021231,D.Garrard,786,13,0.5076335877862596,0.569187189666815,-6.155360188055546
2010,KC,00-0023662,M.Cassel,1018,16,0.4911591355599214,0.5637455375641877,-7.25864020042663
2010,LA,00-0027854,S.Bradford,1023,16,0.6080156402737048,0.600176329796411,0.7839310477293832
2010,LAC,00-0022942,P.Rivers,1009,16,0.5738354806739346,0.593385280712671,-1.9549800038736451
2010,LV,00-0023460,J.Campbell,661,11,0.5083207261724659,0.5769915771071832,-6.867085093471719
2010,MIA,00-0026197,C.Henne,880,14,0.5840909090909091,0.5934599797961048,-0.936907070519572
2010,MIN,00-0005106,B.Favre,653,11,0.5666156202143952,0.6247413333499687,-5.812571313557362
2010,NE,00-0019596,T.Brady,989,17,0.5743174924165824,0.5546215510012769,1.9695941415305567
2010,NO,00-0020531,D.Brees,1113,17,0.660377358490566,0.600332661231466,6.004469725910009
2010,NYG,00-0022803,E.Manning,1001,16,0.5544455544455544,0.5679642627802821,-1.351870833472772
2010,NYJ,00-0026898,M.Sanchez,1161,18,0.5391903531438416,0.6098664981937942,-7.067614504995272
2010,PHI,00-0020245,M.Vick,712,12,0.6783707865168539,0.6014564003811081,7.691438613574575
2010,PIT,00-0022924,B.Roethlisberger,918,15,0.5751633986928104,0.5848487199087321,-0.9685321215921627
2010,SEA,00-0007091,M.Hasselbeck,854,15,0.6440281030444965,0.5888644140846242,5.5163688959872275
2010,SF,00-0023436,A.Smith,543,10,0.6353591160220995,0.6298613959295645,0.5497720092535019
2010,TB,00-0026993,J.Freeman,893,16,0.593505039193729,0.5902911045120285,0.32139346817005654
2010,TEN,00-0003292,K.Collins,415,8,0.6048192771084338,0.6332124364034957,-2.8393159295061983
2010,WAS,00-0011022,D.McNabb,781,13,0.6555697823303457,0.6115427490099596,4.4027033320386035
2011,ARI,00-0025423,K.Kolb,468,8,0.6047008547008547,0.5924124705812169,1.2288384119637756
2011,ATL,00-0026143,M.Ryan,1011,16,0.6211671612265084,0.6105852022704427,1.05819589560658
2011,BAL,00-0026158,J.Flacco,1128,18,0.575354609929078,0.5832737648747333,-0.7919154945655283
2011,BUF,00-0023682,R.Fitzpatrick,949,16,0.6364594309799789,0.6130354179597378,2.34240130202411
2011,CAR,00-0027939,C.Newton,954,16,0.6079664570230608,0.593910888302095,1.4055568720965765
2011,CHI,00-0024226,J.Cutler,593,10,0.5699831365935919,0.56083368489591,0.9149451697681846
2011,CIN,00-0027973,A.Dalton,1017,17,0.5948869223205506,0.5969552015162265,-0.20682791956758076
2011,CLE,00-0027688,C.McCoy,809,13,0.6402966625463535,0.6396567705047072,0.06398920416463585
2011,DAL,00-0021678,T.Romo,913,15,0.6133625410733844,0.5937366907057421,1.9625850367642377
2011,DEN,00-0027876,T.Tebow,827,13,0.45102781136638453,0.6430848057110408,-19.205699434465625
2011,DET,00-0026498,M.Stafford,1079,17,0.6932344763670065,0.6155939154116311,7.764056095537541
2011,GB,00-0023459,A.Rodgers,919,16,0.661588683351469,0.5543421417803092,10.724654157115987
2011,HOU,00-0022787,M.Schaub,650,10,0.47692307692307695,0.5495872792486961,-7.266420232561918
2011,IND,00-0027134,C.Painter,417,8,0.6067146282973621,0.6244488889507824,-1.7734260653420317
2011,JAX,00-0027948,B.Gabbert,836,14,0.5502392344497608,0.627959939940837,-7.7720705491076245
2011,KC,00-0023662,M.Cassel,537,9,0.5586592178770949,0.6166315222890906,-5.797230441199557
2011,LA,00-0027854,S.Bradford,621,10,0.6280193236714976,0.6515838433051071,-2.356451963360951
2011,LAC,00-0022942,P.Rivers,1026,16,0.5974658869395711,0.5814188889592712,1.6046997980299982
2011,LV,00-0021429,C.Palmer,537,9,0.5679702048417132,0.5869984009981266,-1.9028196156413417
2011,MIA,00-0025708,M.Moore,731,13,0.5321477428180574,0.5559428536502591,-2.3795110832201636
2011,MIN,00-0027950,C.Ponder,460,8,0.6021739130434782,0.6455572388580312,-4.338332581455293
2011,NE,00-0019596,T.Brady,1238,19,0.6082390953150242,0.5425750348921594,6.566406042286479
2011,NO,00-0020531,D.Brees,1236,18,0.6456310679611651,0.5672394266272187,7.839164133394637
2011,NYG,00-0022803,E.Manning,1270,20,0.6204724409448819,0.6024186349143897,1.8053806030492143
2011,NYJ,00-0026898,M.Sanchez,999,16,0.5855855855855856,0.6105279657594465,-2.4942380173860847
2011,PHI,00-0020245,M.Vick,779,13,0.6148908857509627,0.5439976633518016,7.089322239916116
2011,PIT,00-0022924,B.Roethlisberger,985,16,0.617258883248731,0.5821950160609889,3.506386718774205
2011,SEA,00-0024279,T.Jackson,883,15,0.5730464326160816,0.6059850032735586,-3.2938570657477104
2011,SF,00-0023436,A.Smith,102,2,0.5392156862745098,0.5791555038269829,-3.993981755247303
2011,SF,00-0023436,Alex Smith,950,16,0.5494736842105263,0.5712194729714017,-2.17457887608754
2011,TB,00-0026993,J.Freeman,860,15,0.6802325581395349,0.6515842764096897,2.8648281729845113
2011,TEN,00-0007091,M.Hasselbeck,856,15,0.6156542056074766,0.5932393174957936,2.2414888111682973
2011,WAS,00-0022121,R.Grossman,799,13,0.5857321652065082,0.5978869763185481,-1.2154811112039976
2012,ARI,00-0027754,J.Skelton,277,5,0.7111913357400722,0.6705138415420959,4.067749419797629
2012,ATL,00-0026143,M.Ryan,1125,18,0.6533333333333333,0.5726070605574383,8.072627277589506
2012,BAL,00-0026158,J.Flacco,1187,19,0.5762426284751474,0.5693860208096254,0.6856607665522017
2012,BUF,00-0023682,R.Fitzpatrick,946,16,0.5856236786469344,0.5983277266967183,-1.2704048049783858
2012,CAR,00-0027939,C.Newton,957,16,0.5694879832810867,0.569771826477447,-0.028384319636017053
2012,CHI,00-0024226,J.Cutler,843,14,0.564650059311981,0.572022004704812,-0.7371945392830941
2012,CIN,00-0027973,A.Dalton,1012,17,0.6106719367588933,0.5692324523258174,4.143948443307589
2012,CLE,00-0029677,B.Weeden,887,15,0.6155580608793687,0.5889797955667422,2.6578265312626503
2012,DAL,00-0021678,T.Romo,1015,16,0.6758620689655173,0.6360583412731663,3.9803727692350965
2012,DEN,00-0010346,P.Manning,1122,17,0.5784313725490197,0.5394051736768555,3.9026198872164186
2012,DET,00-0026498,M.Stafford,1122,16,0.67825311942959,0.6473083530159239,3.0944766413666134
2012,GB,00-0023459,A.Rodgers,1118,18,0.631484794275492,0.5621260762071381,6.935871806835393
2012,HOU,00-0022787,M.Schaub,1191,18,0.5507976490344249,0.5758661225228551,-2.5068473488430234
2012,IND,00-0029668,A.Luck,1153,17,0.6478751084128361,0.6231814035846943,2.4693704828141776
2012,JAX,00-0027948,B.Gabbert,443,8,0.654627539503386,0.6422792085641932,1.2348330939192804
2012,KC,00-0023662,M.Cassel,517,8,0.5512572533849129,0.652442183525696,-10.118493014078306
2012,LA,00-0027854,S.Bradford,961,16,0.6160249739854319,0.6297991193547985,-1.3774145369366602
2012,LAC,00-0022942,P.Rivers,967,16,0.594622543950362,0.5897444285521709,0.4878115398191
2012,LV,00-0021429,C.Palmer,894,14,0.6510067114093959,0.6373097820028296,1.3696929406566374
2012,MIA,00-0029701,R.Tannehill,888,15,0.581081081081081,0.5738059506460034,0.7275130435077658
2012,MIN,00-0027950,C.Ponder,969,16,0.5624355005159959,0.5961011545953674,-3.366565407937156
2012,NE,00-0019596,T.Brady,1293,18,0.5784996133023975,0.5336546776463311,4.484493565606638
2012,NO,00-0020531,D.Brees,1036,16,0.666988416988417,0.6109801178553562,5.600829913306075
2012,NYG,00-0022803,E.Manning,935,16,0.5967914438502674,0.5748921656154375,2.1899278234829875
2012,NYJ,00-0026898,M.Sanchez,916,15,0.5338427947598253,0.6005500478295845,-6.670725306975919
2012,PHI,00-0020245,M.Vick,607,9,0.6540362438220758,0.6295936840419125,2.444255978016327
2012,PIT,00-0022924,B.Roethlisberger,775,13,0.6154838709677419,0.583990232016771,3.1493638950970864
2012,SEA,00-0029263,R.Wilson,1041,18,0.5244956772334294,0.5714791883659924,-4.6983511132563
2012,SF,00-0027974,C.Kaepernick,628,11,0.5302547770700637,0.5755088119797266,-4.525403490966292
2012,TB,00-0026993,J.Freeman,972,16,0.6111111111111112,0.5958440704481991,1.5267040662912061
2012,TEN,00-0027946,J.Locker,554,10,0.648014440433213,0.6082048159738203,3.9809624459392756
2012,WAS,00-0029665,R.Griffin,910,16,0.5131868131868131,0.5807771598490384,-6.75903466622253
2013,ARI,00-0021429,C.Palmer,993,16,0.6072507552870091,0.6002773747583411,0.6973380528668023
2013,ATL,00-0026143,M.Ryan,987,16,0.6950354609929078,0.6338455784526156,6.118988254029217
2013,BAL,00-0026158,J.Flacco,1054,16,0.6280834914611005,0.6049334358112919,2.3150055649808734
2013,BUF,00-0030526,E.Manuel,637,10,0.5478806907378336,0.5991079711926929,-5.122728045485926
2013,CAR,00-0027939,C.Newton,1019,17,0.5623159960745829,0.573249310181934,-1.0933314107351144
2013,CHI,00-0024226,J.Cutler,581,10,0.6368330464716007,0.6216755706060312,1.5157475865569459
2013,CIN,00-0027973,A.Dalton,1135,17,0.6026431718061674,0.5730580069075466,2.958516489862083
2013,CLE,00-0029677,B.Weeden,423,7,0.6926713947990544,0.6547140580894817,3.7957336709572633
2013,DAL,00-0021678,T.Romo,856,15,0.6647196261682243,0.5879773871263785,7.674223904184579
2013,DEN,00-0010346,P.Manning,1282,19,0.62402496099844,0.5495231395976709,7.4501821400769135
2013,DET,00-0026498,M.Stafford,1073,16,0.6095060577819198,0.6018135209653773,0.7692536816542547
2013,GB,00-0023459,A.Rodgers,591,9,0.5854483925549916,0.5409149117893878,4.453348076560372
2013,HOU,00-0022787,M.Schaub,555,9,0.6414414414414414,0.6413492508433961,0.009219059804538349
2013,IND,00-0029668,A.Luck,1101,18,0.662125340599455,0.5972101105805098,6.491523001894531
2013,JAX,00-0026197,C.Henne,821,13,0.6419001218026796,0.6291325740997161,1.2767547702963546
2013,KC,00-0023436,A.Smith,985,16,0.6375634517766497,0.5734815971462557,6.408185463039403
2013,LA,00-0024264,K.Clemens,506,9,0.5138339920948617,0.5935849593915486,-7.975096729668704
2013,LAC,00-0022942,P.Rivers,1141,18,0.5539000876424189,0.5715057069001479,-1.7605619257729008
2013,LV,00-0028825,T.Pryor,530,9,0.6075471698113207,0.6114564995615268,-0.3909329750206111
2013,MIA,00-0029701,R.Tannehill,976,16,0.6670081967213115,0.6068289919172368,6.0179204804074695
2013,MIN,00-0027950,C.Ponder,466,8,0.5879828326180258,0.6140452499457439,-2.6062417327718164
2013,NE,00-0019596,T.Brady,1232,18,0.5909090909090909,0.5844247577040662,0.6484333205024724
2013,NO,00-0020531,D.Brees,1170,18,0.6521367521367522,0.584079789239754,6.805696289699811
2013,NYG,00-0022803,E.Manning,931,16,0.6305048335123523,0.6103123328263375,2.019250068601489
2013,NYJ,00-0030565,G.Smith,893,15,0.5475923852183651,0.6024019924896662,-5.480960727130112
2013,PHI,00-0029567,N.Foles,696,12,0.5589080459770115,0.5560785190994455,0.2829526877565973
2013,PIT,00-0022924,B.Roethlisberger,981,16,0.6320081549439348,0.5961091700736263,3.5898984870308523
2013,SEA,00-0029263,R.Wilson,1062,19,0.5301318267419962,0.5749886654152512,-4.4856838673254975
2013,SF,00-0027974,C.Kaepernick,1099,19,0.5332120109190173,0.5556372910673587,-2.2425280148341398
2013,TB,00-0030520,M.Glennon,760,13,0.5973684210526315,0.6202022330737428,-2.283381202111119
2013,TEN,00-0023682,R.Fitzpatrick,603,10,0.6268656716417911,0.6343554509355753,-0.7489779293784257
2013,WAS,00-0029665,R.Griffin,850,13,0.6058823529411764,0.6475918753226014,-4.17095223814249
2014,ARI,00-0025430,D.Stanton,406,8,0.6231527093596059,0.6116522240631392,1.1500485296466667
2014,ATL,00-0026143,M.Ryan,999,16,0.6716716716716716,0.6405644860264059,3.1107185645265742
2014,BAL,00-0026158,J.Flacco,1107,18,0.5817524841915086,0.594702730120211,-1.2950245928702424
2014,BUF,00-0023541,K.Orton,756,12,0.6335978835978836,0.6152784471281819,1.8319436469701704
2014,CAR,00-0027939,C.Newton,1014,16,0.5739644970414202,0.613632705747802,-3.9668208706381876
2014,CHI,00-0024226,J.Cutler,897,15,0.6800445930880713,0.6392479917094727,4.079660137859874
2014,CIN,00-0027973,A.Dalton,1021,17,0.544564152791381,0.5914868259041713,-4.692267311279034
2014,CLE,00-0026625,B.Hoyer,867,14,0.538638985005767,0.6111513462622308,-7.251236125646372
2014,DAL,00-0021678,T.Romo,1007,17,0.5163853028798411,0.5873204429431373,-7.093514006329625
2014,DEN,00-0010346,P.Manning,1075,17,0.6074418604651163,0.5977595177674017,0.968234269771465
2014,DET,00-0026498,M.Stafford,1075,17,0.6483720930232558,0.6288885977275149,1.9483495295740838
2014,GB,00-0023459,A.Rodgers,1045,18,0.6057416267942584,0.5851755031041409,2.056612369011749
2014,HOU,00-0023682,R.Fitzpatrick,664,11,0.5256024096385542,0.6080641787084021,-8.246176906984793
2014,IND,00-0029668,A.Luck,1141,17,0.6660823838737949,0.5825616215224281,8.352076235136686
2014,JAX,00-0031407,B.Bortles,828,14,0.6497584541062802,0.6604805973488928,-1.0722143242612554
2014,KC,00-0023436,A.Smith,877,15,0.6077537058152793,0.5981631548023923,0.9590551012886971
2014,LA,00-0028957,A.Davis,510,9,0.6196078431372549,0.6562171253503538,-3.660928221309886
2014,LAC,00-0022942,P.Rivers,976,16,0.632172131147541,0.6355520574334002,-0.3379926285859136
2014,LV,00-0031280,D.Carr,930,16,0.6698924731182796,0.6546380471277942,1.5254425990485376
2014,MIA,00-0029701,R.Tannehill,1000,16,0.635,0.600838244844228,3.416175515577197
2014,MIN,00-0031237,T.Bridgewater,752,13,0.6156914893617021,0.6238577037138191,-0.816621435211694
2014,NE,00-0019596,T.Brady,1168,18,0.6232876712328768,0.5630705632581949,6.021710797468175
2014,NO,00-0020531,D.Brees,1066,16,0.650093808630394,0.6379204997111384,1.217330891925555
2014,NYG,00-0022803,E.Manning,1051,16,0.5918173168411037,0.6147501620080332,-2.2932845166929554
2014,NYJ,00-0030565,G.Smith,716,11,0.5349162011173184,0.6261183437240939,-9.120214260677551
2014,PHI,00-0026898,M.Sanchez,590,9,0.576271186440678,0.6011696085239113,-2.489842208323337
2014,PIT,00-0022924,B.Roethlisberger,1085,17,0.6258064516129033,0.6033097546478983,2.249669696500499
2014,SEA,00-0029263,R.Wilson,1141,19,0.5390008764241893,0.6026347590843828,-6.363388266019347
2014,SF,00-0027974,C.Kaepernick,966,16,0.5921325051759835,0.614736766400159,-2.260426122417546
2014,TB,00-0021206,J.McCown,561,10,0.6327985739750446,0.6740688013307976,-4.127022735575304
2014,TEN,00-0024296,C.Whitehurst,332,7,0.6325301204819277,0.643329579876848,-1.0799459394920303
2014,WAS,00-0029665,R.Griffin,402,7,0.6119402985074627,0.6509647833285344,-3.902448482107167
2015,ARI,00-0021429,C.Palmer,1068,18,0.601123595505618,0.5851713482234697,1.59522472821483
2015,ATL,00-0026143,M.Ryan,1036,16,0.6283783783783784,0.6282458719204119,0.013250645796649705
2015,BAL,00-0026158,J.Flacco,666,10,0.6366366366366366,0.637176168517576,-0.0539531880939329
2015,BUF,00-0028118,T.Taylor,846,14,0.5425531914893617,0.6363614107951099,-9.380821930574822
2015,CAR,00-0027939,C.Newton,1208,19,0.5339403973509934,0.5647058766026865,-3.076547925169302
2015,CHI,00-0024226,J.Cutler,894,14,0.5637583892617449,0.6281255661516182,-6.436717688987319
2015,CIN,00-0027973,A.Dalton,724,12,0.5828729281767956,0.5776512036794663,0.52217244973293
2015,CLE,00-0031409,J.Manziel,391,7,0.639386189258312,0.6383276172077564,0.10585720505555878
2015,DAL,00-0023662,M.Cassel,348,6,0.5603448275862069,0.6405822550556783,-8.023742746947141
2015,DEN,00-0010346,P.Manning,682,11,0.6085043988269795,0.5979663495553379,1.053804927164159
2015,DET,00-0026498,M.Stafford,913,15,0.6801752464403067,0.6210135349805945,5.916171145971216
2015,GB,00-0023459,A.Rodgers,1164,18,0.6331615120274914,0.6118689546268753,2.1292557400616072
2015,HOU,00-0026625,B.Hoyer,681,12,0.6255506607929515,0.6471660380578558,-2.1615377264904208
2015,IND,00-0007091,M.Hasselbeck,421,8,0.6484560570071259,0.593066056398343,5.539000060878287
2015,JAX,00-0031407,B.Bortles,987,16,0.6808510638297872,0.6569455557379196,2.3905508091867635
2015,KC,00-0023436,A.Smith,1050,18,0.6066666666666667,0.600730737199386,0.5935929467280706
2015,LA,00-0029567,N.Foles,602,11,0.5730897009966778,0.6773941201835475,-10.430441918686974
2015,LAC,00-0022942,P.Rivers,1063,16,0.6538099717779868,0.6379962487414353,1.5813723036551521
2015,LV,00-0031280,D.Carr,916,15,0.6495633187772926,0.6334988773072455,1.606444147004701
2015,MIA,00-0029701,R.Tannehill,950,16,0.6631578947368421,0.6501049356123334,1.3052959124508656
2015,MIN,00-0031237,T.Bridgewater,983,17,0.5493387589013224,0.6174358244803436,-6.809706557902109
2015,NE,00-0019596,T.Brady,1138,18,0.6687170474516696,0.5904215180375638,7.829552941410581
2015,NO,00-0020531,D.Brees,1000,15,0.655,0.6322134145088494,2.278658549115062
2015,NYG,00-0022803,E.Manning,1020,16,0.6313725490196078,0.6161581127849571,1.521443623465066
2015,NYJ,00-0023682,R.Fitzpatrick,984,15,0.6128048780487805,0.6191327435426354,-0.6327865493854856
2015,PHI,00-0027854,S.Bradford,915,14,0.614207650273224,0.6076707862480416,0.6536864025182412
2015,PIT,00-0022924,B.Roethlisberger,835,14,0.6706586826347305,0.5966348870607193,7.402379557401121
2015,SEA,00-0029263,R.Wilson,1101,18,0.5967302452316077,0.5965681812936587,0.016206393794889997
2015,SF,00-0027974,C.Kaepernick,465,8,0.6258064516129033,0.6289077216338727,-0.3101270020969452
2015,TB,00-0031503,J.Winston,980,16,0.5928571428571429,0.6480553162569295,-5.519817339978656
2015,TEN,00-0032268,M.Mariota,656,11,0.6173780487804879,0.647006712814157,-2.962866403366916
2015,WAS,00-0029604,K.Cousins,1017,17,0.6096361848574238,0.6148391194758807,-0.5202934618456877
2016,ARI,00-0021429,C.Palmer,966,15,0.6542443064182195,0.6460183995079797,0.8225906910239786
2016,ATL,00-0026143,M.Ryan,1130,19,0.6053097345132743,0.571142125917615,3.4167608595659247
2016,BAL,00-0026158,J.Flacco,1031,16,0.6789524733268671,0.637706946810142,4.124552651672515
2016,BUF,00-0028118,T.Taylor,907,15,0.5667034178610805,0.6091190133748993,-4.241559551381881
2016,CAR,00-0027939,C.Newton,947,15,0.5776135163674763,0.6142391048985462,-3.6625588531069924
2016,CHI,00-0030533,M.Barkley,383,7,0.5822454308093995,0.6616860832532688,-7.94406524438693
2016,CIN,00-0027973,A.Dalton,1020,16,0.6039215686274509,0.6217927232329898,-1.7871154605538822
2016,CLE,00-0029665,R.Griffin,285,5,0.624561403508772,0.6338719945989157,-0.9310591090143773
2016,DAL,00-0033077,D.Prescott,981,16,0.5423037716615698,0.5739395338700178,-3.163576220844803
2016,DEN,00-0032156,T.Siemian,812,13,0.6305418719211823,0.6179129284269778,1.2628943494204523
2016,DET,00-0026498,M.Stafford,1001,17,0.6783216783216783,0.6420685006240447,3.625317769763353
2016,GB,00-0023459,A.Rodgers,1170,19,0.6957264957264957,0.6037726921881111,9.19538035383846
2016,HOU,00-0029682,B.Osweiler,1024,16,0.58984375,0.6256281980276981,-3.578444802769809
2016,IND,00-0029668,A.Luck,939,15,0.6570820021299254,0.6155368507511446,4.154515137878089
2016,JAX,00-0031407,B.Bortles,1030,16,0.6669902912621359,0.6535585954821514,1.3431695779984436
2016,KC,00-0023436,A.Smith,880,15,0.625,0.6151131396774542,0.9886860322545875
2016,LA,00-0028986,C.Keenum,551,9,0.617059891107078,0.6299711475977015,-1.2911256490623453
2016,LAC,00-0022942,P.Rivers,992,16,0.6129032258064516,0.6159771063530277,-0.3073880546576073
2016,LV,00-0031280,D.Carr,954,15,0.6069182389937107,0.6103884935519606,-0.34702545582498395
2016,MIA,00-0029701,R.Tannehill,704,13,0.5923295454545454,0.631786456971895,-3.9456911517349496
2016,MIN,00-0027854,S.Bradford,912,15,0.6403508771929824,0.6284924180986229,1.1858459094359555
2016,NE,00-0019596,T.Brady,980,15,0.610204081632653,0.5772656464626138,3.293843517003923
2016,NO,00-0020531,D.Brees,1072,16,0.6436567164179104,0.6235523395685117,2.0104376849398684
2016,NYG,00-0022803,E.Manning,1047,17,0.6294173829990449,0.6291786705685465,0.023871243049843376
2016,NYJ,00-0023682,R.Fitzpatrick,677,12,0.604135893648449,0.6200037137763451,-1.586782012789605
2016,PHI,00-0032950,C.Wentz,1048,16,0.6211832061068703,0.6364820113810817,-1.5298805274211495
2016,PIT,00-0022924,B.Roethlisberger,1035,17,0.5980676328502416,0.5899078672058916,0.8159765644349913
2016,SEA,00-0029263,R.Wilson,1052,18,0.6482889733840305,0.6230989911189806,2.5189982265049853
2016,SF,00-0027974,C.Kaepernick,649,11,0.6117103235747303,0.6611213738727275,-4.941105029799721
2016,TB,00-0031503,J.Winston,1017,16,0.6047197640117994,0.6166074211244914,-1.1887657112691958
2016,TEN,00-0032268,M.Mariota,878,15,0.55125284738041,0.6226835959020298,-7.143074852161975
2016,WAS,00-0029604,K.Cousins,979,16,0.6404494382022472,0.6203563106555465,2.0093127546700686
2017,ARI,00-0021429,C.Palmer,418,7,0.6866028708133971,0.6566071698094527,2.9995701003944473
2017,ATL,00-0026143,M.Ryan,1080,18,0.5898148148148148,0.6103907732361996,-2.057595842138485
2017,BAL,00-0026158,J.Flacco,970,16,0.588659793814433,0.6134611405797072,-2.480134676527424
2017,BUF,00-0028118,T.Taylor,921,16,0.5841476655808904,0.6240965383052502,-3.9948872724359896
2017,CAR,00-0027939,C.Newton,1048,17,0.5677480916030534,0.6091006082315567,-4.135251662850323
2017,CHI,00-0033869,M.Trubisky,654,12,0.5672782874617737,0.6456004813860315,-7.832219392425788
2017,CIN,00-0027973,A.Dalton,867,16,0.6170703575547867,0.6208614673413929,-0.37911097866063026
2017,CLE,00-0033899,D.Kizer,818,15,0.6687041564792175,0.6792709473748224,-1.0566790895604854
2017,DAL,00-0033077,D.Prescott,984,16,0.5599593495934959,0.6147729510562571,-5.481360146276107
2017,DEN,00-0032156,T.Siemian,618,10,0.63915857605178,0.6543741872094113,-1.521561115763141
2017,DET,00-0026498,M.Stafford,947,16,0.6568109820485745,0.6373183809559096,1.9492601092664845
2017,GB,00-0031589,B.Hundley,583,10,0.6123499142367067,0.6347831348037126,-2.2433220567005985
2017,HOU,00-0033537,D.Watson,421,7,0.5605700712589073,0.5902468990047867,-2.9676827745879346
2017,IND,00-0033119,J.Brissett,922,15,0.5921908893709328,0.645223774011863,-5.303288464093027
2017,JAX,00-0031407,B.Bortles,1214,19,0.5387149917627677,0.5985932236788963,-5.98782319161286
2017,KC,00-0023436,A.Smith,943,16,0.6394485683987274,0.6175450646236523,2.1903503775075155
2017,LA,00-0033106,J.Goff,952,16,0.5808823529411765,0.5867190778122416,-0.5836724871065185
2017,LAC,00-0022942,P.Rivers,955,16,0.606282722513089,0.6122812216565091,-0.599849914342009
2017,LV,00-0031280,D.Carr,848,15,0.6261792452830188,0.6453007657919958,-1.91215205089769
2017,MIA,00-0024226,J.Cutler,645,11,0.6372093023255814,0.6389852727337401,-0.17759704081587088
2017,MIN,00-0028986,C.Keenum,1061,17,0.5702167766258247,0.5941460715074875,-2.3929294881662817
2017,NE,00-0019596,T.Brady,1231,19,0.6133225020308692,0.580292785381346,3.3029716649523215
2017,NO,00-0020531,D.Brees,1085,18,0.5778801843317972,0.5913627577988508,-1.3482573467053576
2017,NYG,00-0022803,E.Manning,947,15,0.6293558606124604,0.6356107683984097,-0.6254907785949259
2017,NYJ,00-0021206,J.McCown,736,13,0.59375,0.6309126424957472,-3.716264249574717
2017,PHI,00-0032950,C.Wentz,817,13,0.598531211750306,0.5996129531481712,-0.10817413978652533
2017,PIT,00-0022924,B.Roethlisberger,1022,16,0.6262230919765166,0.618147801119404,0.8075290857112571
2017,SEA,00-0029263,R.Wilson,967,16,0.6514994829369183,0.6251162391968819,2.638324374003642
2017,SF,00-0033936,C.Beathard,366,6,0.6885245901639344,0.6940733034346924,-0.5548713270758019
2017,TB,00-0031503,J.Winston,699,11,0.6638054363376252,0.6341624777545575,2.9642958583067758
2017,TEN,00-0032268,M.Mariota,959,16,0.5901981230448383,0.6161269131383632,-2.5928790093524863
2017,WAS,00-0029604,K.Cousins,959,16,0.6183524504692388,0.620751715520624,-0.23992650513852848
2018,ARI,00-0034343,J.Rosen,716,13,0.611731843575419,0.6681557904471066,-5.642394687168758
2018,ATL,00-0026143,M.Ryan,975,16,0.6728205128205128,0.6315924441126677,4.122806870784515
2018,BAL,00-0026158,J.Flacco,591,9,0.6700507614213198,0.6346674438963081,3.5383317525011635
2018,BUF,00-0034857,J.Allen,617,11,0.5818476499189628,0.6196789720051921,-3.7831322086229315
2018,CAR,00-0027939,C.Newton,820,14,0.6280487804878049,0.6183096151072077,0.9739165380597115
2018,CHI,00-0033869,M.Trubisky,912,15,0.5855263157894737,0.5760337417116062,0.9492574077867494
2018,CIN,00-0027973,A.Dalton,552,10,0.677536231884058,0.6337068315284947,4.382940035556322
2018,CLE,00-0034855,B.Mayfield,815,14,0.6392638036809816,0.6270265053066374,1.2237298374344234
2018,DAL,00-0033077,D.Prescott,1115,18,0.6026905829596413,0.6232977016357029,-2.060711867606159
2018,DEN,00-0028986,C.Keenum,976,16,0.632172131147541,0.6558531952685998,-2.368106412105873
2018,DET,00-0026498,M.Stafford,979,16,0.6159346271705822,0.6401355190238743,-2.4200891853292092
2018,GB,00-0023459,A.Rodgers,940,15,0.7095744680851064,0.6379285141627522,7.164595392235416
2018,HOU,00-0033537,D.Watson,1083,17,0.6204986149584487,0.6228163244025584,-0.23177094441096427
2018,IND,00-0029668,A.Luck,1136,18,0.653169014084507,0.6222639415072093,3.0905072577297688
2018,JAX,00-0031407,B.Bortles,687,11,0.6390101892285298,0.6378049840106801,0.12052052178497398
2018,KC,00-0033873,P.Mahomes,1061,18,0.6522148916116871,0.5685705823400721,8.364430927161504
2018,LA,00-0033106,J.Goff,1203,19,0.5960099750623441,0.5927840610060311,0.3225914056313008
2018,LAC,00-0022942,P.Rivers,1023,18,0.6109481915933529,0.6056017264985968,0.5346465094756054
2018,LV,00-0031280,D.Carr,963,16,0.6240913811007269,0.6287007744570078,-0.46093933562809064
2018,MIA,00-0029701,R.Tannehill,529,11,0.5897920604914934,0.6248171028165262,-3.5025042325032905
2018,MIN,00-0029604,K.Cousins,980,16,0.6673469387755102,0.6423069489834716,2.503998979203859
2018,NE,00-0019596,T.Brady,1254,19,0.5701754385964912,0.5743203604270064,-0.4144921830515162
2018,NO,00-0020531,D.Brees,1020,17,0.5725490196078431,0.5710487643475918,0.15002552602513164
2018,NYG,00-0022803,E.Manning,952,16,0.6554621848739496,0.6643255961620632,-0.8863411288113654
2018,NYJ,00-0034869,S.Darnold,756,13,0.5952380952380952,0.6457644017984864,-5.052630656039115
2018,PHI,00-0032950,C.Wentz,669,11,0.6547085201793722,0.6147033972456851,4.000512293368711
2018,PIT,00-0022924,B.Roethlisberger,993,16,0.7009063444108762,0.6094044853275696,9.150185908330652
2018,SEA,00-0029263,R.Wilson,1019,17,0.5014720314033366,0.6252591071853284,-12.378707578199183
2018,SF,00-0033319,N.Mullens,464,8,0.6077586206896551,0.6374728836376091,-2.971426294795398
2018,TB,00-0031503,J.Winston,598,10,0.6839464882943144,0.6435871654405043,4.035932285381001
2018,TEN,00-0032268,M.Mariota,679,13,0.5670103092783505,0.6276232619277463,-6.061295264939584
2018,WAS,00-0023436,A.Smith,597,10,0.6013400335008375,0.620623524296074,-1.9283490795236535
2019,ARI,00-0035228,K.Murray,938,16,0.6449893390191898,0.6425429513411862,0.24463876780035146
2019,ATL,00-0026143,M.Ryan,975,15,0.6861538461538461,0.660900393250661,2.5253452903185134
2019,BAL,00-0034796,L.Jackson,988,16,0.52834008097166,0.5987737225500588,-7.043364157839886
2019,BUF,00-0034857,J.Allen,791,13,0.5941845764854614,0.6063918851353652,-1.2207308649903754
2019,BUF,00-0034857,Jos.Allen,186,3,0.553763440860215,0.5858952127176748,-3.21317718574597
2019,CAR,00-0034577,K.Allen,833,13,0.6542617046818727,0.6434109641098175,1.0850740572055275
2019,CHI,00-0033869,M.Trubisky,872,14,0.6456422018348624,0.6401193756182942,0.5522826216568094
2019,CIN,00-0027973,A.Dalton,834,13,0.6642685851318945,0.6650210816850908,-0.07524965531963239
2019,CLE,00-0034855,B.Mayfield,948,16,0.6149789029535865,0.6257931869496681,-1.081428399608168
2019,DAL,00-0033077,D.Prescott,1035,16,0.6038647342995169,0.628171166424878,-2.430643212536107
2019,DEN,00-0026158,J.Flacco,482,8,0.5933609958506224,0.6367592343836405,-4.339823853301804
2019,DET,00-0026498,M.Stafford,503,8,0.6302186878727635,0.630262617740195,-0.004392986743161029
2019,GB,00-0023459,A.Rodgers,1083,18,0.6371191135734072,0.6059932882690309,3.112582530437634
2019,HOU,00-0033537,D.Watson,1062,17,0.6299435028248588,0.6185812114680049,1.1362291356853846
2019,IND,00-0033119,J.Brissett,849,14,0.5712603062426383,0.6263387894040704,-5.507848316143202
2019,JAX,00-0035289,G.Minshew,350,6,0.6342857142857142,0.6657596407830715,-3.1473926497357234
2019,JAX,00-0035289,G.Minshew II,461,8,0.6941431670281996,0.6632682086895836,3.087495833861595
2019,KC,00-0033873,P.Mahomes,956,16,0.6694560669456067,0.5778055756497021,9.165049129590454
2019,LA,00-0033106,J.Goff,1018,16,0.637524557956778,0.6168990737716493,2.0625484185128644
2019,LAC,00-0022942,P.Rivers,955,16,0.6450261780104712,0.6550392694342199,-1.0013091423748675
2019,LV,00-0031280,D.Carr,953,16,0.5760755508919203,0.6127354381537575,-3.665988726183725
2019,MIA,00-0023682,R.Fitzpatrick,781,13,0.7016645326504481,0.6363047297981957,6.535980285225238
2019,MIN,00-0029604,K.Cousins,998,17,0.5350701402805611,0.6108339656898397,-7.5763825409278605
2019,NE,00-0019596,T.Brady,1112,17,0.6070143884892086,0.6050732943242778,0.19410941649308736
2019,NO,00-0020531,D.Brees,647,11,0.6398763523956723,0.6003347615145688,3.9541590881103525
2019,NYG,00-0035710,D.Jones,749,12,0.684913217623498,0.6722733254764522,1.2639892147045746
2019,NYJ,00-0034869,S.Darnold,770,13,0.6168831168831169,0.6257156683446525,-0.8832551461535615
2019,PHI,00-0032950,C.Wentz,1070,16,0.6186915887850467,0.6246153744999493,-0.5923785714902611
2019,PIT,00-0034771,M.Rudolph,474,10,0.6392405063291139,0.6408090951777837,-0.15685888486698207
2019,SEA,00-0029263,R.Wilson,1128,18,0.6028368794326241,0.6159952080986918,-1.3158328666067716
2019,SF,00-0031345,J.Garoppolo,1136,19,0.5070422535211268,0.5799811446865444,-7.293889116541758
2019,TB,00-0031503,J.Winston,1040,16,0.6625,0.6381742715728111,2.43257284271889
2019,TEN,00-0029701,R.Tannehill,728,14,0.5357142857142857,0.6163310367578211,-8.061675104353537
2019,WAS,00-0028986,C.Keenum,393,8,0.638676844783715,0.6620651316703428,-2.3388286886627743
2020,ARI,00-0035228,K.Murray,1002,15,0.6057884231536926,0.6130071118615286,-0.7218688707835897
2020,ATL,00-0026143,M.Ryan,1048,16,0.6402671755725191,0.6338708876198484,0.6396287952670614
2020,BAL,00-0034796,L.Jackson,988,17,0.5091093117408907,0.6033509888145168,-9.424167707362608
2020,BUF,00-0034857,J.Allen,1115,19,0.673542600896861,0.5670157390291648,10.652686186769618
2020,CAR,00-0031237,T.Bridgewater,866,15,0.6374133949191686,0.626662857436917,1.075053748225161
2020,CHI,00-0033869,M.Trubisky,567,9,0.5925925925925926,0.6156276577206515,-2.3035065128058982
2020,CIN,00-0036442,J.Burrow,668,10,0.6586826347305389,0.6226435653324389,3.6039069398099968
2020,CLE,00-0034855,B.Mayfield,1083,18,0.5447830101569714,0.578237083082673,-3.3454072925701586
2020,DAL,00-0027973,A.Dalton,567,9,0.6261022927689595,0.6386780029974182,-1.2575710228458703
2020,DEN,00-0035704,D.Lock,773,12,0.6080206985769728,0.6510757832157812,-4.30550846388084
2020,DET,00-0026498,M.Stafford,891,15,0.6341189674523008,0.64666497216515,-1.254600471284922
2020,GB,00-0023459,A.Rodgers,1094,18,0.5950639853747715,0.5659652037300864,2.909878164468507
2020,HOU,00-0033537,D.Watson,912,16,0.706140350877193,0.6522565577281312,5.388379314906176
2020,IND,00-0022942,P.Rivers,1057,17,0.5714285714285714,0.6157716246182584,-4.434305318968693
2020,JAX,00-0035289,G.Minshew,182,3,0.6923076923076923,0.6682944322352881,2.4013260072404212
2020,JAX,00-0035289,G.Minshew II,338,6,0.7248520710059172,0.7245887502939743,0.026332071194281943
2020,KC,00-0033873,P.Mahomes,1118,18,0.6779964221824687,0.5791858923246614,9.881052985780727
2020,LA,00-0033106,J.Goff,1089,17,0.5895316804407713,0.6027595597799077,-1.3227879339136368
2020,LAC,00-0036355,J.Herbert,1025,15,0.6234146341463415,0.6320802083775038,-0.8665574231162304
2020,LV,00-0031280,D.Carr,929,15,0.5920344456404736,0.613578880880433,-2.154443523995939
2020,MIA,00-0036212,T.Tagovailoa,524,9,0.6125954198473282,0.5902765499150651,2.231886993226318
2020,MIN,00-0029604,K.Cousins,1000,16,0.558,0.6102505154497921,-5.225051544979214
2020,NE,00-0027939,C.Newton,817,15,0.5030599755201959,0.625647910103439,-12.258793458324313
2020,NO,00-0020531,D.Brees,831,14,0.5703971119133574,0.6028799187486137,-3.248280683525633
2020,NYG,00-0035710,D.Jones,796,14,0.6394472361809045,0.6328942727405185,0.6552963440386045
2020,NYJ,00-0034869,S.Darnold,693,12,0.6031746031746031,0.6405958676654281,-3.742126449082493
2020,PHI,00-0032950,C.Wentz,747,12,0.6733601070950469,0.6675856429510008,0.5774464144046048
2020,PIT,00-0022924,B.Roethlisberger,1022,16,0.6682974559686888,0.5959381171248839,7.235933884380498
2020,SEA,00-0029263,R.Wilson,1028,17,0.6663424124513618,0.6057437932959501,6.059861915541182
2020,SF,00-0033319,N.Mullens,533,9,0.6116322701688556,0.6615429651586244,-4.991069498976891
2020,TB,00-0019596,T.Brady,1191,20,0.6364399664147775,0.5931673192369847,4.327264717779272
2020,TEN,00-0029701,R.Tannehill,1044,17,0.5229885057471264,0.6148312015002201,-9.184269575309365
2020,WAS,00-0023436,A.Smith,439,8,0.6309794988610479,0.6292962007275474,0.16832981335003447
2021,ARI,00-0035228,K.Murray,936,15,0.6121794871794872,0.613032776197721,-0.08532890182338719
2021,ATL,00-0026143,M.Ryan,959,17,0.6277372262773723,0.6381420845727167,-1.0404858295344461
2021,BAL,00-0034796,L.Jackson,741,11,0.6140350877192983,0.6229516332855953,-0.8916545566297093
2021,BUF,00-0034857,J.Allen,1129,18,0.6483613817537643,0.609553413294038,3.8807968459726436
2021,BUF,00-0034857,Jos.Allen,72,1,0.625,0.5616584776176347,6.334152238236533
2021,CAR,00-0034869,S.Darnold,724,12,0.6312154696132597,0.6278574366909735,0.33580329222861904
2021,CHI,00-0036945,J.Fields,558,10,0.5913978494623656,0.6390516646873994,-4.765381522503378
2021,CIN,00-0036442,J.Burrow,1197,20,0.620718462823726,0.6086059765720626,1.2112486251663346
2021,CLE,00-0034855,B.Mayfield,816,14,0.5857843137254902,0.6251958485135772,-3.941153478808701
2021,DAL,00-0033077,D.Prescott,1089,17,0.6308539944903582,0.6174535242647371,1.340047022562108
2021,DEN,00-0031237,T.Bridgewater,755,13,0.5841059602649007,0.6176239140035695,-3.3517953738668895
2021,DET,00-0033106,J.Goff,854,14,0.6135831381733021,0.6596609474240477,-4.607780925074562
2021,GB,00-0023459,A.Rodgers,523,9,0.6233269598470363,0.5737033001864845,4.962365966055179
2021,GB,00-0023459,Aa.Rodgers,454,8,0.6035242290748899,0.565227743201286,3.829648587360387
2021,HOU,00-0036898,D.Mills,657,12,0.619482496194825,0.6574376179316453,-3.795512173682043
2021,IND,00-0032950,C.Wentz,1025,17,0.5541463414634147,0.597682080794035,-4.35357393306203
2021,JAX,00-0036971,T.Lawrence,997,17,0.6579739217652959,0.6750142764684968,-1.7040354703200855
2021,KC,00-0033873,P.Mahomes,1270,20,0.6787401574803149,0.5783648322578373,10.037532522247767
2021,LA,00-0026498,M.Stafford,1264,21,0.6170886075949367,0.5950712329985078,2.2017374596428834
2021,LAC,00-0036355,J.Herbert,1098,17,0.6666666666666666,0.6273140522680213,3.9352614398645356
2021,LV,00-0031280,D.Carr,1116,18,0.6460573476702509,0.6258383159488974,2.021903172135353
2021,MIA,00-0036212,T.Tagovailoa,686,11,0.5830903790087464,0.5885316019785474,-0.5441222969801016
2021,MIN,00-0029604,K.Cousins,991,16,0.5973763874873865,0.6239348472322513,-2.655845974486483
2021,NE,00-0036972,M.Jones,1049,18,0.5700667302192565,0.6280208084345205,-5.795407821526405
2021,NO,00-0031503,J.Winston,330,6,0.5303030303030303,0.5780579363757914,-4.775490607276107
2021,NYG,00-0035710,D.Jones,583,10,0.6569468267581475,0.6194712747380419,3.7475552020105654
2021,NYJ,00-0037013,Z.Wilson,681,12,0.6284875183553598,0.6458879872997908,-1.7400468944431051
2021,PHI,00-0036389,J.Hurts,955,16,0.5696335078534032,0.6190820942979053,-4.9448586444502105
2021,PIT,00-0022924,B.Roethlisberger,1049,17,0.6453765490943756,0.6548435517433175,-0.9467002648941896
2021,SEA,00-0029263,R.Wilson,744,14,0.603494623655914,0.6182250717594739,-1.4730448103559914
2021,SF,00-0031345,J.Garoppolo,978,17,0.5316973415132924,0.6049225783482164,-7.322523683492391
2021,TB,00-0019596,T.Brady,1224,19,0.6887254901960784,0.6108423739464747,7.788311624960377
2021,TEN,00-0029701,R.Tannehill,1146,18,0.5331588132635253,0.617880381855067,-8.472156859154165
2021,WAS,00-0031800,T.Heinicke,950,16,0.5947368421052631,0.6199091762735656,-2.5172334168302384
2022,ARI,00-0035228,K.Murray,664,10,0.6490963855421686,0.6814150652982833,-3.231867975611464
2022,ATL,00-0032268,M.Mariota,718,13,0.4763231197771588,0.6130312684959729,-13.670814871881417
2022,BAL,00-0034796,L.Jackson,666,11,0.551051051051051,0.5654184585632952,-1.4367407512244161
2022,BUF,00-0034857,J.Allen,1117,18,0.6615935541629364,0.6010771685862712,6.051638557666524
2022,CAR,00-0034855,B.Mayfield,347,7,0.6570605187319885,0.6534146601790481,0.3645858552940297
2022,CHI,00-0036945,J.Fields,857,15,0.5075845974329055,0.6495209081943909,-14.193631076148538
2022,CIN,00-0036442,J.Burrow,1182,19,0.6649746192893401,0.5833462931045572,8.162832618478289
2022,CLE,00-0033119,J.Brissett,725,11,0.5613793103448276,0.6380740385040127,-7.669472815918511
2022,DAL,00-0033077,D.Prescott,901,14,0.5538290788013318,0.606701212043106,-5.287213324177411
2022,DEN,00-0029263,R.Wilson,894,15,0.6319910514541387,0.6430650230234601,-1.1073971569321432
2022,DET,00-0033106,J.Goff,1052,17,0.5846007604562737,0.6001693848485106,-1.556862439223682
2022,GB,00-0023459,A.Rodgers,996,17,0.5793172690763052,0.6181355389022085,-3.881826982590329
2022,HOU,00-0036898,D.Mills,842,15,0.6223277909738717,0.659669478510168,-3.7341687536296257
2022,IND,00-0026143,M.Ryan,799,12,0.6320400500625782,0.6566052979443489,-2.456524788177058
2022,JAX,00-0036971,T.Lawrence,1156,19,0.6193771626297578,0.618651993827295,0.07251688024628533
2022,KC,00-0033873,P.Mahomes,1228,20,0.6677524429967426,0.5590441212610187,10.870832173572397
2022,LA,00-0026498,M.Stafford,514,9,0.6498054474708171,0.6386093775078596,1.119606996295749
2022,LAC,00-0036355,J.Herbert,1164,18,0.6829896907216495,0.6349864008730834,4.8003289848566055
2022,LV,00-0031280,D.Carr,878,15,0.6104783599088838,0.6529418913762092,-4.246353146732532
2022,MIA,00-0036212,T.Tagovailoa,638,12,0.6426332288401254,0.5955441135673734,4.708911527275198
2022,MIN,00-0029604,K.Cousins,1078,18,0.6725417439703154,0.6418399444689666,3.0701799501348734
2022,NE,00-0036972,M.Jones,751,13,0.640479360852197,0.6354211425922126,0.5058218259984422
2022,NO,00-0027973,A.Dalton,769,14,0.5357607282184655,0.6186754312172474,-8.291470299878185
2022,NYG,00-0035710,D.Jones,1076,18,0.5892193308550185,0.6331614186350243,-4.394208778000565
2022,NYJ,00-0037013,Z.Wilson,469,9,0.5884861407249466,0.6324931736360354,-4.400703291108868
2022,PHI,00-0036389,J.Hurts,1160,18,0.5431034482758621,0.5700719171235787,-2.696846884771668
2022,PIT,00-0038102,K.Pickett,713,11,0.5848527349228612,0.6208806729040841,-3.602793798122299
2022,SEA,00-0030565,G.Smith,1074,18,0.6303538175046555,0.6182976193341047,1.205619817055082
2022,SF,00-0031345,J.Garoppolo,565,10,0.5628318584070796,0.586765840530923,-2.3933982123843336
2022,TB,00-0019596,T.Brady,1184,18,0.691722972972973,0.6408687708962306,5.085420207674238
2022,TEN,00-0029701,R.Tannehill,631,12,0.5784469096671949,0.6279280492106066,-4.948113954341166
2022,WAS,00-0031800,T.Heinicke,581,9,0.4939759036144578,0.6025866541543433,-10.861075053988554
2023,ARI,00-0033949,J.Dobbs,489,8,0.5991820040899796,0.6604290881969325,-6.124708410695287
2023,ATL,00-0038122,D.Ridder,740,12,0.5459459459459459,0.6529494252710326,-10.700347932508668
2023,BAL,00-0034796,L.Jackson,1095,18,0.5716894977168949,0.573306935226128,-0.16174375092330046
2023,BUF,00-0034857,J.Allen,1218,19,0.5886699507389163,0.589556288059758,-0.08863373208417877
2023,CAR,00-0039150,B.Young,1004,16,0.6095617529880478,0.6736539013505695,-6.409214836252163
2023,CHI,00-0036945,J.Fields,783,13,0.5747126436781609,0.6124616892149584,-3.774904553679747
2023,CIN,00-0036442,J.Burrow,539,9,0.7031539888682746,0.607934149213702,9.52198396545726
2023,CLE,00-0026158,J.Flacco,397,6,0.6574307304785895,0.6163046563640049,4.11260741145845
2023,DAL,00-0033077,D.Prescott,1126,18,0.6358792184724689,0.6095155557323095,2.6363662740159417
2023,DEN,00-0029263,R.Wilson,859,15,0.5983701979045402,0.6442447661598917,-4.58745682553515
2023,DET,00-0033106,J.Goff,1283,20,0.5814497272018706,0.608803555253234,-2.7353828051363407
2023,GB,00-0036264,J.Love,1138,19,0.6010544815465729,0.5995454239840693,0.1509057562503643
2023,HOU,00-0039163,C.Stroud,988,17,0.6062753036437247,0.622455890429949,-1.6180586786224291
2023,IND,00-0035289,G.Minshew,909,15,0.5896589658965896,0.6223849360928415,-3.272597019625182
2023,JAX,00-0036971,T.Lawrence,985,16,0.6416243654822334,0.6119917190279149,2.9632646454318525
2023,KC,00-0033873,P.Mahomes,1224,20,0.6756535947712419,0.6074122124552435,6.824138231599838
2023,LA,00-0026498,M.Stafford,985,16,0.6,0.6093723947343034,-0.9372394734303359
2023,LAC,00-0036355,J.Herbert,746,12,0.6541554959785523,0.6292481558052848,2.4907340173267487
2023,LV,00-0038579,A.O'Connell,587,10,0.5979557069846678,0.6203692642308682,-2.2413557246200475
2023,MIA,00-0036212,T.Tagovailoa,1049,18,0.6101048617731173,0.6133120112668002,-0.32071494936829414
2023,MIN,00-0029604,K.Cousins,474,8,0.6772151898734177,0.6365158491677562,4.069934070566158
2023,NE,00-0036972,M.Jones,604,11,0.6142384105960265,0.64861971702402,-3.438130642799352
2023,NO,00-0031280,D.Carr,952,16,0.5913865546218487,0.6216976834429788,-3.031112882113006
2023,NYG,00-0038476,T.DeVito,341,7,0.6510263929618768,0.6647701874331645,-1.3743794471287658
2023,NYJ,00-0037013,Z.Wilson,618,11,0.6682847896440129,0.6728055960887555,-0.4520806444742533
2023,PHI,00-0036389,J.Hurts,1066,17,0.5900562851782364,0.6027958824685434,-1.2739597290307003
2023,PIT,00-0038102,K.Pickett,561,10,0.5811051693404634,0.6226378499585039,-4.153268061804049
2023,SEA,00-0030565,G.Smith,830,15,0.6506024096385542,0.6418755389884653,0.872687065008893
2023,SF,00-0037834,B.Purdy,1078,19,0.549165120593692,0.5676699308522999,-1.8504810258607918
2023,TB,00-0034855,B.Mayfield,1138,19,0.6300527240773286,0.634007510837161,-0.3954786759832308
2023,TEN,00-0029701,R.Tannehill,458,9,0.5764192139737991,0.6251655758875035,-4.8746361913704455
2023,WAS,00-0037077,S.Howell,1004,17,0.6952191235059761,0.6388237614897024,5.639536201627369
2024,ARI,00-0035228,K.Murray,1005,17,0.5990049751243781,0.6226921799189564,-2.368720479457829
2024,ATL,00-0029604,K.Cousins,837,14,0.5686977299880526,0.639034790132671,-7.033706014461842
2024,BAL,00-0034796,L.Jackson,1134,19,0.5167548500881834,0.5991432862487709,-8.238843616058745
2024,BUF,00-0034857,J.Allen,1093,19,0.5718206770356816,0.5876252118170888,-1.580453478140724
2024,CAR,00-0039150,B.Young,666,12,0.6471471471471472,0.6647011945331777,-1.7554047386030536
2024,CHI,00-0039918,C.Williams,1031,17,0.6517943743937924,0.6728237493886864,-2.1029374994894003
2024,CIN,00-0036442,J.Burrow,1053,17,0.6780626780626781,0.5947540937007493,8.330858436192882
2024,CLE,00-0031503,J.Winston,459,7,0.6753812636165577,0.6661385381858074,0.9242725430750379
2024,DAL,00-0033077,D.Prescott,462,8,0.670995670995671,0.6765325052171817,-0.553683422151066
2024,DEN,00-0039732,B.Nix,1063,18,0.6237064910630291,0.6213657762469795,0.23407148160495964
2024,DET,00-0033106,J.Goff,1104,18,0.552536231884058,0.5927763317603671,-4.024009987630921
2024,GB,00-0036264,J.Love,852,15,0.5481220657276995,0.6057527080318178,-5.763064230411825
2024,HOU,00-0039163,C.Stroud,1082,18,0.634011090573013,0.6294381567199547,0.4572933853058189
2024,IND,00-0039164,A.Richardson,566,10,0.5141342756183745,0.6429691927625992,-12.883491714422462
2024,JAX,00-0036971,T.Lawrence,492,9,0.6117886178861789,0.6340414565662301,-2.225283868005121
2024,KC,00-0033873,P.Mahomes,1172,19,0.6424914675767918,0.582457825296746,6.003364228004584
2024,LA,00-0026498,M.Stafford,1060,18,0.5839622641509434,0.6182262611592997,-3.426399700835628
2024,LAC,00-0036355,J.Herbert,1024,18,0.5927734375,0.6048600601206999,-1.2086622620699927
2024,LV,00-0035289,G.Minshew,492,9,0.6585365853658537,0.6853543575853109,-2.681777221945728
2024,MIA,00-0036212,T.Tagovailoa,665,11,0.6270676691729323,0.6161344790649145,1.0933190108017814
2024,MIN,00-0034869,S.Darnold,1072,18,0.6166044776119403,0.5806958544113214,3.590862320061884
2024,NE,00-0039851,D.Maye,589,10,0.6519524617996605,0.6611571685776292,-0.9204706777968714
2024,NO,00-0031280,D.Carr,574,10,0.5034843205574913,0.5933775090278234,-8.989318847033205
2024,NYG,00-0035710,D.Jones,617,10,0.6110210696920584,0.6595875736102582,-4.856650391819991
2024,NYJ,00-0023459,A.Rodgers,958,17,0.6586638830897703,0.6340294605031579,2.463442258661251
2024,PHI,00-0036389,J.Hurts,1097,18,0.49042844120328166,0.5782590223155379,-8.783058111225625
2024,PIT,00-0029263,R.Wilson,716,12,0.5810055865921788,0.6213006383437643,-4.029505175158548
2024,SEA,00-0030565,G.Smith,978,17,0.6574642126789366,0.6372951320648681,2.016908061406851
2024,SF,00-0037834,B.Purdy,869,15,0.5960874568469505,0.6156594134541389,-1.9571956607188399
2024,TB,00-0034855,B.Mayfield,1100,18,0.6036363636363636,0.6049382741207426,-0.1301910484378988
2024,TEN,00-0039152,W.Levis,531,10,0.6440677966101694,0.6873273359797544,-4.325953936958492
2024,WAS,00-0039910,J.Daniels,1160,18,0.6025862068965517,0.5979943662303789,0.45918406661728334
